,osmid,y,x,highway,street_count,row,column,land_price,pop,private_cs,I1_max,upper_bound
0,445970097,21.0262688,105.8231844,,3,None,None,93.67975,55.453,0.0,22,0.0023484264208647014
1,309595498,21.0276475,105.8248143,,3,None,None,93.67975,104.673,0.0,20,0.0021349331098770015
2,2053894358,21.0251753,105.8218932,,3,None,None,93.67975,81.429,0.0,10,0.0010674665549385007
3,317968702,21.0281154,105.833445,,3,None,None,93.67975,92.242,0.0,37,0.003949626253272452
4,1497544849,21.0278309,105.8341732,,4,None,None,179.107,100.061,0.0,41,0.0022891344280234717
5,1314209677,21.0288185,105.8348712,,3,None,None,93.67975,194.318,0.0,42,0.0044833595307417025
6,1314209683,21.0292001,105.8351408,,4,None,None,179.107,241.301,0.0,40,0.0022333018809985094
7,5485733665,21.0291338,105.8343517,,3,None,None,93.67975,194.318,0.0,39,0.004163119564260152
8,5485733678,21.0280189,105.8336896,,3,None,None,93.67975,92.242,0.0,37,0.003949626253272452
9,1314203102,21.0234017,105.8198723,,4,None,None,179.107,143.423,0.0,13,0.0007258231113245156
10,1314203096,21.0237364,105.8202039,,3,None,None,93.67975,155.493,0.0,12,0.0012809598659262007
11,4802622931,21.0318687,105.8287378,,1,None,None,62.94025,83.24,0.0,17,0.00270097433677178
12,4802622932,21.0315576,105.8298109,,3,None,None,93.67975,415.499,0.0,18,0.0019214397988893011
13,4802622936,21.031505,105.8289611,,3,None,None,93.67975,184.303,0.0,17,0.0018146931433954511
14,4802622938,21.0318176,105.8289321,,3,None,None,93.67975,83.24,0.0,17,0.0018146931433954511
15,4802622940,21.0317249,105.829258,,3,None,None,93.67975,72.693,0.0,17,0.0018146931433954511
16,4802622941,21.0311595,105.8284214,,1,None,None,62.94025,184.303,0.0,19,0.0030187360234508126
17,317968719,21.0284272,105.8326573,,3,None,None,93.67975,178.308,0.0,36,0.0038428795977786022
18,2290010720,21.0285731,105.8260244,traffic_signals,3,None,None,93.67975,135.254,0.0,26,0.0027754130428401017
19,1314209715,21.0286941,105.8318088,,4,None,None,179.107,129.449,0.0,50,0.0027916273512481366
20,98032470,21.0287574,105.8318238,,4,None,None,179.107,129.449,0.0,49,0.002735794804223174
21,2105175602,21.0290504,105.8299453,,2,None,None,71.37675,192.743,0.0,44,0.006164472324671549
22,322505288,21.029207,105.8319699,,3,None,None,93.67975,141.421,0.0,44,0.004696852841729403
23,309595522,21.0294135,105.827209,,3,None,None,93.67975,44.314,0.0,29,0.0030956530093216514
24,6666479030,21.0294365,105.8273932,,3,None,None,93.67975,44.314,0.0,29,0.0030956530093216514
25,5701309370,21.029859,105.8315881,,1,None,None,62.94025,417.567,0.0,38,0.006037472046901625
26,6688490814,21.0288101,105.8275002,,2,None,None,71.37675,413.466,0.0,29,0.004062947668533521
27,6689560831,21.0291222,105.8299576,,3,None,None,93.67975,192.743,0.0,43,0.004590106186235552
28,8598733283,21.0293992,105.8274018,,2,None,None,71.37675,44.314,0.0,29,0.004062947668533521
29,1497544764,21.0208954,105.830986,,4,None,None,166.635,145.779,0.0,46,0.0027605244996549345
30,1497544774,21.0214207,105.8313166,,3,None,None,88.317,145.779,0.0,44,0.004982053285324457
31,5406185437,21.0216565,105.8329958,,3,None,None,88.317,290.68,0.0,33,0.0037365399639933427
32,9980229913,21.0208665,105.8310544,,3,None,None,88.317,145.779,0.0,44,0.004982053285324457
33,1497544749,21.0192399,105.8302912,,3,None,None,88.317,417.73,0.0,48,0.005434967220353953
34,5706896622,21.0202038,105.8306589,,3,None,None,88.317,219.844,0.0,50,0.005661424187868701
35,5706891499,21.0201732,105.8307261,,3,None,None,88.317,219.844,0.0,47,0.005321738736596578
36,1497544796,21.0234448,105.8321545,,4,None,None,166.635,192.595,0.0,26,0.0015602964563267022
37,322505294,21.0252794,105.8330833,,4,None,None,166.635,161.153,0.0,37,0.00222042188015723
38,1314209704,21.0253066,105.8330075,,4,None,None,166.635,161.153,0.0,37,0.00222042188015723
39,322505295,21.0258355,105.8315616,,1,None,None,59.651,398.077,0.0,45,0.007543880236710198
40,7301485388,21.0234152,105.8322243,,3,None,None,88.317,192.595,0.0,26,0.0029439405776917247
41,1497544831,21.0250219,105.8337883,,1,None,None,59.651,432.851,0.0,42,0.0070409548875961835
42,317968817,21.019088,105.8371473,,3,None,None,109.265,223.198,0.0,22,0.0020134535304077244
43,309666164,21.0189506,105.8395173,,3,None,None,109.265,446.408,0.0,19,0.0017388916853521255
44,440059875,21.0174645,105.8414099,,3,None,None,109.265,406.194,0.0,19,0.0017388916853521255
45,6573926403,21.0190623,105.8375088,,3,None,None,109.265,455.505,0.0,22,0.0020134535304077244
46,10964875589,21.0188454,105.8412242,traffic_signals,2,None,None,82.748,143.477,0.0,17,0.0020544303185575483
47,11481858145,21.0188823,105.840549,,2,None,None,82.748,323.275,0.0,18,0.0021752791608256393
48,102992082,21.0176273,105.8414115,,3,None,None,109.265,176.485,0.0,20,0.0018304123003706585
49,102994902,21.0182234,105.8414031,,3,None,None,109.265,176.485,0.0,19,0.0017388916853521255
50,317809942,21.0193508,105.8413984,,3,None,None,109.265,161.492,0.0,17,0.0015558504553150599
51,102995088,21.0206551,105.8414183,,3,None,None,109.265,329.274,0.0,18,0.0016473710703335926
52,81806990,21.0188449,105.8413912,,4,None,None,214.245,143.477,0.0,16,0.0007468085602931224
53,81807148,21.0199175,105.8414055,,3,None,None,109.265,161.492,0.0,16,0.001464329840296527
54,5686449764,20.9992445,105.8354992,,3,None,None,89.1315,74.69,0.0,19,0.0021316818408755604
55,5686449774,20.9993929,105.8343962,,3,None,None,89.1315,223.936,0.0,18,0.0020194880597768465
56,5686449765,20.999963,105.8352116,,1,None,None,59.998333,74.69,0.0,20,0.0033334259470175613
57,7119384389,20.9992216,105.8352616,,3,None,None,89.1315,74.69,0.0,18,0.0020194880597768465
58,4599745018,21.0008036,105.829059,,4,None,None,169.607833,6.707,0.0,13,0.000766474034250529
59,6688471376,20.999988,105.8319564,,3,None,None,89.1315,10.535,0.0,19,0.0021316818408755604
60,7920618647,21.000714,105.8293059,,3,None,None,89.1315,5.971,0.0,13,0.0014585191542832781
61,7920618648,21.00106,105.8291663,,4,None,None,169.607833,15.624,0.0,13,0.000766474034250529
62,7985603148,21.0012111,105.8270346,,3,None,None,89.1315,181.338,0.0,16,0.001795100497579419
63,5686426699,21.0014287,105.826217,,3,None,None,89.1315,241.14,0.0,16,0.001795100497579419
64,5686426690,21.0019292,105.8295337,,3,None,None,89.1315,344.871,0.0,18,0.0020194880597768465
65,4025085951,21.0033236,105.8243928,,3,None,None,89.1315,432.579,0.0,28,0.0031414258707639837
66,1758644520,21.0041199,105.8255086,,3,None,None,89.1315,199.242,0.0,32,0.003590200995158838
67,5683792697,21.0045071,105.8274316,,3,None,None,89.1315,424.913,0.0,32,0.003590200995158838
68,7144483015,21.0023062,105.823974,,3,None,None,89.1315,228.574,0.0,29,0.0032536196518626968
69,7920618640,21.0016881,105.8262785,,3,None,None,89.1315,441.58,0.0,16,0.001795100497579419
70,7985603147,21.0014607,105.8271192,,3,None,None,89.1315,181.338,0.0,16,0.001795100497579419
71,8277275839,21.0039239,105.8253808,,1,None,None,59.998333,199.242,0.0,30,0.005000138920526341
72,10130533955,21.0009003,105.8287886,,3,None,None,89.1315,333.228,0.0,16,0.001795100497579419
73,104783042,21.0061472,105.8352445,,3,None,None,90.068,227.858,0.0,47,0.005218279522138828
74,324286196,21.0072345,105.8348649,,3,None,None,90.068,252.107,0.0,58,0.006439578984767064
75,1905157910,21.0078461,105.8356008,,3,None,None,90.068,171.937,0.0,63,0.006994715104143536
76,6684804424,21.0082579,105.83372,,3,None,None,90.068,137.67,0.0,71,0.00788293289514589
77,104783045,21.0083505,105.8338348,,3,None,None,90.068,119.354,0.0,72,0.007993960119021183
78,1497969550,21.0083741,105.83625,,3,None,None,90.068,92.556,0.0,56,0.006217524537016478
79,1497970357,21.0086164,105.8341507,,3,None,None,90.068,119.354,0.0,75,0.008327041790647067
80,5710482854,21.0089868,105.8346042,,3,None,None,90.068,81.843,0.0,73,0.008104987342896478
81,5710482886,21.0091608,105.8348066,,3,None,None,90.068,81.843,0.0,70,0.0077719056712705955
82,98025729,21.009484,105.837589,,4,None,None,172.96,29.087,0.0,59,0.0034111933395004623
83,1497969556,21.009495,105.8352194,,3,None,None,90.068,100.501,0.0,63,0.006994715104143536
84,6684722073,21.0096526,105.835409,,3,None,None,90.068,100.501,0.0,61,0.006772660656392948
85,98025738,21.0100165,105.835844,,3,None,None,90.068,141.332,0.0,60,0.006661633432517653
86,1497961292,21.0106055,105.8365444,,3,None,None,90.068,141.332,0.0,58,0.006439578984767064
87,10130533948,21.0078188,105.8331924,,3,None,None,90.068,93.01,0.0,54,0.005995470089265888
88,10685723750,21.007879,105.8333343,,3,None,None,90.068,137.67,0.0,56,0.006217524537016478
89,1905157877,21.005915,105.8327861,,4,None,None,172.96,407.396,0.0,41,0.0023704902867715074
90,6684983516,21.0070575,105.8323625,,3,None,None,90.068,62.49,0.0,51,0.005662388417640006
91,283140539,21.0169709,105.8066648,,3,None,None,104.974625,98.738,0.0,45,0.004286750250358122
92,5716670118,21.0169883,105.8065127,,3,None,None,104.974625,98.738,0.0,44,0.004191489133683497
93,5716670117,21.0172304,105.806779,,3,None,None,104.974625,131.908,0.0,47,0.004477272483707372
94,5716670621,21.0172689,105.8066163,,3,None,None,104.974625,98.738,0.0,43,0.004096228017008872
95,98035472,21.0198315,105.8083104,,5,None,None,203.140375,27.199,0.0,46,0.002264443983624624
96,445971215,21.0207171,105.8088205,,3,None,None,104.974625,29.631,0.0,40,0.0038104446669849977
97,5718916291,21.0195374,105.8081469,,3,None,None,104.974625,27.199,0.0,50,0.004763055833731247
98,5718916292,21.0196015,105.8087031,,3,None,None,104.974625,40.188,0.0,54,0.005144100300429747
99,5718916293,21.020156,105.8084976,,3,None,None,104.974625,29.631,0.0,44,0.004191489133683497
100,5718916294,21.0201974,105.8085195,,3,None,None,104.974625,29.631,0.0,43,0.004096228017008872
101,5718916301,21.0192799,105.8079972,,3,None,None,104.974625,27.199,0.0,54,0.005144100300429747
102,444874859,21.0163706,105.81468,,3,None,None,104.974625,15.128,0.0,57,0.005429883650453621
103,1613087620,21.016443,105.8149631,,4,None,None,203.140375,15.128,0.0,57,0.0028059414579696424
104,1613087622,21.016528,105.81478,,4,None,None,203.140375,15.128,0.0,56,0.0027567144148473686
105,444875130,21.0165795,105.8150487,,4,None,None,203.140375,32.96,0.0,57,0.0028059414579696424
106,1613087628,21.0166633,105.8148671,,4,None,None,203.140375,15.128,0.0,55,0.002707487371725094
107,1495022225,21.0168468,105.8144784,,3,None,None,104.974625,17.612,0.0,57,0.005429883650453621
108,634709500,21.016916,105.8142693,,3,None,None,104.974625,17.612,0.0,57,0.005429883650453621
109,5716616005,21.0161979,105.8155077,,3,None,None,104.974625,32.96,0.0,62,0.005906189233826746
110,6650810650,21.0162793,105.8148522,,3,None,None,104.974625,15.128,0.0,58,0.0055251447671282455
111,98042270,21.0226339,105.8099209,,3,None,None,104.974625,4.091,0.0,27,0.0025720501502148733
112,283140736,21.0186317,105.8107175,,3,None,None,104.974625,142.442,0.0,63,0.006001450350501371
113,283140585,21.0165211,105.8108098,,3,None,None,104.974625,445.105,0.0,74,0.007049322633922245
114,283141151,21.0161906,105.8113377,,3,None,None,104.974625,227.555,0.0,68,0.006477755933874496
115,283141251,21.0170772,105.8115215,,4,None,None,203.140375,114.238,0.0,72,0.003544347104803759
116,445971601,21.0177554,105.8115591,,3,None,None,104.974625,432.688,0.0,68,0.006477755933874496
117,283141150,21.0166695,105.8116483,,3,None,None,104.974625,114.238,0.0,67,0.006382494817199871
118,98035469,21.0180869,105.8117585,,4,None,None,203.140375,50.174,0.0,66,0.0032489848460701127
119,283141250,21.0176112,105.8118291,,4,None,None,203.140375,50.174,0.0,69,0.0033966659754369358
120,283141149,21.0174511,105.8121066,,3,None,None,104.974625,61.275,0.0,70,0.006668278167223745
121,1730089641,21.0196086,105.8110631,,4,None,None,203.140375,433.296,0.0,54,0.00265826032860282
122,1730111756,21.0187066,105.8105688,,3,None,None,104.974625,142.442,0.0,62,0.005906189233826746
123,1905105369,21.0161553,105.8119473,,3,None,None,104.974625,147.124,0.0,62,0.005906189233826746
124,1905105370,21.016403,105.8121068,,3,None,None,104.974625,147.124,0.0,62,0.005906189233826746
125,1905105371,21.0164115,105.8114815,,4,None,None,203.140375,227.555,0.0,66,0.0032489848460701127
126,1905105374,21.01675,105.8123302,,3,None,None,104.974625,61.275,0.0,63,0.006001450350501371
127,1905105376,21.0169169,105.8117961,,4,None,None,203.140375,61.275,0.0,69,0.0033966659754369358
128,1905105377,21.0170233,105.8118597,,4,None,None,203.140375,61.275,0.0,67,0.0032982118891923874
129,1905105378,21.01718,105.8115808,,3,None,None,104.974625,114.238,0.0,71,0.00676353928389837
130,1905105380,21.0172195,105.811261,,3,None,None,104.974625,114.238,0.0,72,0.006858800400572995
131,1905132982,21.0168668,105.8121275,,4,None,None,203.140375,61.275,0.0,64,0.003150530759825564
132,1905132987,21.0172883,105.8124091,,4,None,None,203.140375,61.275,0.0,62,0.003052076673581015
133,1905132989,21.0174464,105.8125055,,3,None,None,104.974625,183.675,0.0,62,0.005906189233826746
134,6650876736,21.0181599,105.8117193,,3,None,None,104.974625,50.174,0.0,65,0.006191972583850621
135,6650892348,21.0179506,105.811675,,3,None,None,104.974625,50.174,0.0,67,0.006382494817199871
136,6650876737,21.0174399,105.8130972,,3,None,None,104.974625,183.675,0.0,58,0.0055251447671282455
137,6650876738,21.0176638,105.8126358,,3,None,None,104.974625,118.336,0.0,60,0.005715667000477496
138,6650876740,21.0173423,105.813385,,3,None,None,104.974625,106.539,0.0,58,0.0055251447671282455
139,12816414547,21.0196359,105.8085589,,3,None,None,104.974625,40.188,0.0,53,0.005048839183755122
140,12816414542,21.0196902,105.8086422,,3,None,None,104.974625,40.188,0.0,52,0.004953578067080497
141,10171614265,21.018017,105.8119038,,3,None,None,104.974625,50.174,0.0,69,0.00657301705054912
142,13001062684,21.0167629,105.8120626,,3,None,None,104.974625,61.275,0.0,65,0.006191972583850621
143,1904335857,21.0149024,105.8090202,,1,None,None,70.184125,438.073,0.0,61,0.00869142416465262
144,1312645242,21.0157223,105.8089892,,3,None,None,104.974625,266.939,0.0,67,0.006382494817199871
145,6651770209,21.0127721,105.8081266,,3,None,None,104.974625,33.408,0.0,29,0.0027625723835641228
146,6651770210,21.0128887,105.8082128,,3,None,None,104.974625,33.408,0.0,31,0.002953094616913373
147,5716670628,21.0152529,105.8053545,,3,None,None,104.974625,38.882,0.0,24,0.0022862668001909984
148,733429120,21.0153596,105.8050339,,4,None,None,203.140375,38.882,0.0,24,0.0011814490349345865
149,98041851,21.0154716,105.8051475,,4,None,None,203.140375,38.882,0.0,24,0.0011814490349345865
150,2084132002,21.0157267,105.8053895,,3,None,None,104.974625,38.882,0.0,26,0.0024767890335402483
151,5716649671,21.0158351,105.8054952,,3,None,None,104.974625,131.043,0.0,28,0.0026673112668894987
152,5709996125,21.0095154,105.8130802,,3,None,None,104.974625,77.724,0.0,30,0.002857833500238748
153,5709996124,21.0096202,105.8131552,,3,None,None,104.974625,77.724,0.0,32,0.003048355733587998
154,444875374,21.0108542,105.8109049,,4,None,None,203.140375,61.821,0.0,25,0.0012306760780568609
155,444874857,21.0109719,105.8109915,,4,None,None,203.140375,61.821,0.0,27,0.00132913016430141
156,444875109,21.01074,105.8110704,,4,None,None,203.140375,68.39,0.0,26,0.0012799031211791353
157,448838032,21.0108582,105.8111578,,4,None,None,203.140375,61.821,0.0,27,0.00132913016430141
158,2175126939,21.0113462,105.8112917,,3,None,None,104.974625,61.821,0.0,31,0.002953094616913373
159,2175126932,21.0112484,105.8114271,,3,None,None,104.974625,61.821,0.0,32,0.003048355733587998
160,320503734,21.0131278,105.8126081,,3,None,None,104.974625,143.792,0.0,69,0.00657301705054912
161,446009106,21.0130607,105.8127094,,3,None,None,104.974625,143.792,0.0,70,0.006668278167223745
162,6648227222,21.0125151,105.812203,,3,None,None,104.974625,328.31,0.0,48,0.004572533600381997
163,6648227223,21.0124562,105.8123199,,3,None,None,104.974625,179.746,0.0,49,0.004667794717056622
164,6648227224,21.0122771,105.8121063,,3,None,None,104.974625,179.746,0.0,45,0.004286750250358122
165,5828999542,21.0137849,105.8131859,,3,None,None,104.974625,80.898,0.0,72,0.006858800400572995
166,5828999543,21.0138575,105.8130615,,3,None,None,104.974625,80.898,0.0,72,0.006858800400572995
167,1613087588,21.0151535,105.8092376,,3,None,None,104.974625,119.821,0.0,65,0.006191972583850621
168,283141507,21.0155057,105.8094024,,3,None,None,104.974625,119.821,0.0,69,0.00657301705054912
169,1905105367,21.0159316,105.8118039,,3,None,None,104.974625,147.124,0.0,62,0.005906189233826746
170,5707407594,21.0090666,105.8138233,,3,None,None,104.974625,35.777,0.0,32,0.003048355733587998
171,5707407583,21.0087548,105.8142818,,3,None,None,104.974625,23.466,0.0,32,0.003048355733587998
172,4025115175,21.0088638,105.8143743,,4,None,None,203.140375,23.466,0.0,33,0.0016244924230350564
173,420456642,21.009105,105.8137588,,3,None,None,104.974625,35.777,0.0,32,0.003048355733587998
174,2176926218,21.0139023,105.8187277,,4,None,None,203.140375,70.285,0.0,39,0.001919854681768703
175,106111360,21.0146258,105.8177309,,3,None,None,104.974625,206.05,0.0,44,0.004191489133683497
176,446009107,21.014722,105.8138094,,3,None,None,104.974625,13.062,0.0,67,0.006382494817199871
177,98034543,21.0148285,105.8136905,,3,None,None,104.974625,13.062,0.0,67,0.006382494817199871
178,1495025257,21.0152713,105.8141546,,3,None,None,104.974625,95.664,0.0,64,0.006096711467175996
179,1884774052,21.0160122,105.8157537,,3,None,None,104.974625,32.96,0.0,63,0.006001450350501371
180,5710565212,21.0153286,105.8140229,,3,None,None,104.974625,95.664,0.0,62,0.005906189233826746
181,5716403816,21.0155276,105.8164639,,3,None,None,104.974625,180.859,0.0,50,0.004763055833731247
182,5828713076,21.0161086,105.8160131,,1,None,None,70.184125,145.043,0.0,61,0.00869142416465262
183,6644831055,21.0160229,105.8161381,,3,None,None,104.974625,145.043,0.0,59,0.005620405883802871
184,6644831056,21.0158351,105.816025,,3,None,None,104.974625,145.043,0.0,59,0.005620405883802871
185,6648096525,21.0155154,105.8142405,,3,None,None,104.974625,133.523,0.0,62,0.005906189233826746
186,283138280,21.012083,105.817155,,4,None,None,203.140375,57.82,0.0,51,0.0025105791992359964
187,6662241095,21.0131584,105.8180511,,3,None,None,104.974625,192.814,0.0,42,0.004000966900334247
188,309816683,21.0199171,105.8081414,,4,None,None,186.1624,27.199,0.0,43,0.002309811218591939
189,283141482,21.0203603,105.8072926,,3,None,None,97.477,174.351,0.0,31,0.0031802373893328683
190,5485653882,21.0233154,105.8067962,,3,None,None,97.477,383.977,0.0,27,0.0027698841778060466
191,324286216,21.0234112,105.8062166,,3,None,None,97.477,158.035,0.0,26,0.002667295874924341
192,5718916274,21.0202794,105.8083528,,3,None,None,97.477,29.631,0.0,40,0.004103532115268217
193,5718916302,21.0193691,105.8078179,,3,None,None,97.477,27.199,0.0,51,0.005232003446966976
194,420457653,21.0294,105.802296,,3,None,None,97.477,48.863,0.0,12,0.001231059634580465
195,2303337172,21.0297974,105.8017885,,4,None,None,186.1624,48.863,0.0,12,0.0006445984796070528
196,2195295122,21.0300109,105.8015154,,4,None,None,186.1624,15.928,0.0,11,0.0005908819396397984
197,6587550955,21.0162922,105.8040789,,3,None,None,97.477,72.499,0.0,20,0.0020517660576341084
198,6587550954,21.0163781,105.8041934,,3,None,None,97.477,211.534,0.0,20,0.0020517660576341084
199,442990707,21.0177194,105.8031972,,3,None,None,97.477,129.672,0.0,26,0.002667295874924341
200,283141487,21.0185426,105.8038896,,2,None,None,74.2892,431.025,0.0,36,0.004845926460373783
201,4541071715,21.0192473,105.8022092,,3,None,None,97.477,47.091,0.0,20,0.0020517660576341084
202,4541071716,21.0193091,105.8023428,,3,None,None,97.477,47.091,0.0,21,0.0021543543605158136
203,5718946088,21.0202404,105.8016736,,4,None,None,186.1624,142.077,0.0,15,0.000805748099508816
204,5718946084,21.0203137,105.8018031,,3,None,None,97.477,142.077,0.0,15,0.0015388245432255813
205,420456598,21.0203349,105.8016199,,4,None,None,186.1624,24.864,0.0,15,0.000805748099508816
206,5718946085,21.020406,105.8017515,,3,None,None,97.477,142.077,0.0,15,0.0015388245432255813
207,5485630144,21.023295,105.8027521,,3,None,None,97.477,260.287,0.0,18,0.0018465894518706976
208,283141646,21.0234259,105.8036281,,4,None,None,186.1624,271.619,0.0,17,0.0009131811794433249
209,283141649,21.0235924,105.8054028,,3,None,None,97.477,359.275,0.0,20,0.0020517660576341084
210,309816682,21.0227257,105.8097448,,4,None,None,186.1624,4.091,0.0,27,0.001450346579115869
211,309685730,21.0251257,105.8111708,,4,None,None,186.1624,83.125,0.0,6,0.0003222992398035264
212,5485654770,21.0229837,105.8099079,,3,None,None,97.477,4.091,0.0,27,0.0027698841778060466
213,5828999547,21.0228278,105.8093012,,3,None,None,97.477,4.091,0.0,27,0.0027698841778060466
214,1498038039,21.0294161,105.8013826,,3,None,None,97.477,52.586,0.0,12,0.001231059634580465
215,10997686349,21.026045,105.803818,,3,None,None,97.477,208.679,0.0,14,0.0014362362403438761
216,11107112923,21.0281843,105.8048724,,3,None,None,97.477,40.727,0.0,8,0.0008207064230536434
217,10997686363,21.0278456,105.8049193,,3,None,None,97.477,40.727,0.0,9,0.0009232947259353488
218,11107112927,21.0280274,105.8052995,,3,None,None,97.477,7.783,0.0,9,0.0009232947259353488
219,10296445822,21.0200564,105.8078754,,4,None,None,186.1624,60.902,0.0,40,0.002148661598690176
220,10296445824,21.0196409,105.8079784,,3,None,None,97.477,27.199,0.0,47,0.004821650235440155
221,10296445823,21.0202257,105.8083216,,3,None,None,97.477,60.902,0.0,42,0.004308708721031627
222,420456615,21.0155553,105.8048245,,4,None,None,186.1624,2.646,0.0,26,0.0013966300391486145
223,98041254,21.0156576,105.8049378,,4,None,None,186.1624,2.646,0.0,26,0.0013966300391486145
224,420522002,21.0158799,105.8046743,,3,None,None,97.477,211.534,0.0,26,0.002667295874924341
225,1498111685,21.0159892,105.8053094,,3,None,None,97.477,131.043,0.0,30,0.0030776490864511626
226,6621078251,21.0235191,105.7989074,,3,None,None,97.477,89.094,0.0,18,0.0018465894518706976
227,6621078250,21.0236119,105.7990048,,3,None,None,97.477,89.094,0.0,18,0.0018465894518706976
228,6621078260,21.0257321,105.7984135,,3,None,None,97.477,344.129,0.0,10,0.0010258830288170542
229,6621078261,21.0257885,105.7982647,,3,None,None,97.477,10.472,0.0,10,0.0010258830288170542
230,106080712,21.0225723,105.8001907,,3,None,None,97.477,408.361,0.0,18,0.0018465894518706976
231,420456583,21.0240783,105.7983321,,3,None,None,97.477,17.29,0.0,13,0.0013336479374621705
232,420456595,21.021622,105.8008861,,3,None,None,97.477,252.068,0.0,16,0.0016414128461072867
233,420456568,21.0265314,105.798635,,4,None,None,186.1624,83.178,0.0,14,0.0007520315595415616
234,420522025,21.0264564,105.7987959,,3,None,None,97.477,83.178,0.0,14,0.0014362362403438761
235,4027449781,21.0277085,105.7995348,,3,None,None,97.477,31.555,0.0,14,0.0014362362403438761
236,2303337176,21.0275852,105.799663,,3,None,None,97.477,31.555,0.0,14,0.0014362362403438761
237,10965136434,21.0216993,105.8010002,,3,None,None,97.477,420.309,0.0,16,0.0016414128461072867
238,10180671333,21.0158991,105.8052084,,3,None,None,97.477,131.043,0.0,28,0.0028724724806877522
239,1884776799,21.016992,105.8289753,,3,None,None,74.92,215.322,0.0,67,0.008942872397223706
240,445970799,21.016959,105.8290405,,3,None,None,74.92,215.322,0.0,67,0.008942872397223706
241,4988273690,21.0175367,105.8292934,,3,None,None,74.92,25.014,0.0,60,0.00800854244527496
242,445970812,21.0175108,105.8293644,,3,None,None,74.92,25.014,0.0,57,0.007608115323011211
243,2291064328,21.0177471,105.8295223,,3,None,None,74.92,25.014,0.0,55,0.007341163908168713
244,428673752,21.0179964,105.8296877,,4,None,None,138.4556,25.014,0.0,54,0.003900167273840856
245,421080868,21.018268,105.8298683,,4,None,None,138.4556,25.014,0.0,52,0.0037557166340689723
246,2291064324,21.0177227,105.8300672,,3,None,None,74.92,131.558,0.0,51,0.006807261078483716
247,1497544736,21.0187503,105.8301359,,4,None,None,138.4556,65.19,0.0,48,0.003466815354525205
248,319490613,21.0170993,105.8309465,,3,None,None,74.92,178.043,0.0,54,0.007207688200747464
249,1104490487,21.0172221,105.8310576,,3,None,None,74.92,178.043,0.0,51,0.006807261078483716
250,12357580645,21.0185479,105.8300366,,3,None,None,74.92,65.19,0.0,51,0.006807261078483716
251,12357580642,21.0180675,105.8301196,,3,None,None,74.92,131.558,0.0,50,0.006673785371062466
252,283137537,21.0108629,105.8279393,,3,None,None,74.92,403.63,0.0,65,0.008675920982381206
253,5710678265,21.0106615,105.8281982,,3,None,None,74.92,199.193,0.0,65,0.008675920982381206
254,1753888594,21.0118709,105.8282054,,3,None,None,74.92,386.469,0.0,57,0.007608115323011211
255,1753888595,21.0125027,105.8285938,,3,None,None,74.92,386.91,0.0,49,0.006540309663641217
256,104838745,21.0122096,105.8292725,,3,None,None,74.92,57.097,0.0,46,0.006139882541377469
257,104838744,21.0115123,105.8307084,,3,None,None,74.92,59.753,0.0,54,0.007207688200747464
258,283137293,21.012374,105.83229,,3,None,None,74.92,27.447,0.0,54,0.007207688200747464
259,283136429,21.0126973,105.8324889,,4,None,None,138.4556,107.879,0.0,52,0.0037557166340689723
260,8034817819,21.0122,105.8293929,,3,None,None,74.92,57.097,0.0,45,0.00600640683395622
261,8034817820,21.0123177,105.8293299,,3,None,None,74.92,57.097,0.0,45,0.00600640683395622
262,8277275639,21.010799,105.8301818,,1,None,None,51.0124,103.292,0.0,60,0.011761846139370036
263,13016543334,21.0106011,105.8282429,,1,None,None,51.0124,199.193,0.0,65,0.01274199998431754
264,5710231827,21.0018862,105.8182888,,3,None,None,93.1998,37.69,0.0,17,0.0018240382490091183
265,6659072489,21.002798,105.8195644,,3,None,None,93.1998,4.993,0.0,28,0.0030042982924856068
266,6677895172,21.0034963,105.8205414,,3,None,None,93.1998,212.752,0.0,31,0.0033261873952519215
267,6677895176,21.0031473,105.8207341,,3,None,None,93.1998,63.482,0.0,32,0.003433483762840693
268,420460217,21.0032768,105.8192561,,3,None,None,93.1998,4.993,0.0,28,0.0030042982924856068
269,1887748894,21.0017879,105.8182251,,3,None,None,93.1998,37.69,0.0,17,0.0018240382490091183
270,1878932244,21.0043221,105.8179006,,3,None,None,93.1998,121.129,0.0,28,0.0030042982924856068
271,1494041351,21.003419,105.8193971,,3,None,None,93.1998,451.32,0.0,29,0.0031115946600743776
272,1878921396,21.0028361,105.81961,,3,None,None,93.1998,4.993,0.0,29,0.0031115946600743776
273,4004297090,21.0030929,105.8199683,,4,None,None,177.9718,4.993,0.0,29,0.001629471635393922
274,1494041352,21.0033732,105.8207826,,3,None,None,93.1998,212.752,0.0,33,0.003540780130429465
275,1494041345,21.0030372,105.8209319,,3,None,None,93.1998,367.233,0.0,33,0.003540780130429465
276,5683715143,21.0027599,105.821931,,4,None,None,177.9718,227.46,0.0,34,0.0019104150208066673
277,1314209716,21.0048876,105.8221002,,3,None,None,93.1998,150.366,0.0,37,0.003969965600784551
278,1494035973,21.005964,105.822243,,3,None,None,93.1998,220.65,0.0,51,0.005472114747027354
279,1494041374,21.0048548,105.8223217,,3,None,None,93.1998,150.366,0.0,37,0.003969965600784551
280,1314209709,21.0057479,105.8225293,,4,None,None,177.9718,41.322,0.0,50,0.0028094338541274516
281,2291014172,21.0066213,105.8229571,,3,None,None,93.1998,105.681,0.0,45,0.004828336541494725
282,6659134177,21.0055776,105.8224433,crossing,3,None,None,93.1998,124.597,0.0,49,0.005257522011849811
283,5683715157,21.0050117,105.822161,,3,None,None,93.1998,124.597,0.0,38,0.004077261968373323
284,5683715152,21.0056371,105.8226959,,3,None,None,93.1998,41.322,0.0,49,0.005257522011849811
285,5716408772,21.0059295,105.8222852,,3,None,None,93.1998,220.65,0.0,51,0.005472114747027354
286,5716408768,21.0060987,105.8227121,,3,None,None,93.1998,105.681,0.0,48,0.005150225644261039
287,7226991850,21.0018904,105.8241532,,3,None,None,93.1998,228.574,0.0,28,0.0030042982924856068
288,11552959637,21.0034427,105.8175642,,3,None,None,93.1998,406.707,0.0,20,0.002145927351775433
289,11552959642,21.0037492,105.8184915,,3,None,None,93.1998,325.919,0.0,27,0.0028970019248968346
290,106109949,21.0162242,105.8222877,,1,None,None,61.0718,269.543,0.0,60,0.009824501652153693
291,106109440,21.0162416,105.8228924,,3,None,None,90.9431,47.745,0.0,59,0.006487572998941096
292,106108917,21.0165348,105.8232227,,3,None,None,90.9431,47.745,0.0,56,0.0061576964057746
293,2174649904,21.0164074,105.8232829,,4,None,None,174.0871,47.745,0.0,60,0.00344655060598976
294,2291046239,21.0192462,105.8233177,,4,None,None,174.0871,80.495,0.0,69,0.0039635331968882245
295,106109210,21.0163032,105.8233283,,3,None,None,90.9431,47.745,0.0,61,0.00670749072771876
296,318259626,21.0163781,105.823586,,1,None,None,61.0718,420.226,0.0,62,0.010151985040558817
297,2174649940,21.0171907,105.8238769,,3,None,None,90.9431,25.762,0.0,74,0.008136955964773578
298,2175126954,21.0171092,105.8240572,,3,None,None,90.9431,25.762,0.0,77,0.008466832557940075
299,2049328017,21.0195172,105.8241324,,3,None,None,90.9431,107.042,0.0,75,0.00824691482916241
300,106108910,21.0179988,105.8241401,,4,None,None,174.0871,26.956,0.0,74,0.004250745747387371
301,2174649945,21.0179336,105.8242829,,3,None,None,90.9431,33.709,0.0,77,0.008466832557940075
302,318259623,21.0162848,105.8243047,,3,None,None,90.9431,105.366,0.0,69,0.007587161642829417
303,2291046243,21.0183481,105.8243228,,3,None,None,90.9431,24.277,0.0,75,0.00824691482916241
304,2174649932,21.0182561,105.824457,,3,None,None,90.9431,33.709,0.0,80,0.008796709151106571
305,318259629,21.0165139,105.8246851,,3,None,None,90.9431,105.366,0.0,78,0.008576791422328906
306,1904360482,21.0191646,105.8247558,,4,None,None,174.0871,24.277,0.0,78,0.004480515787786688
307,2174649908,21.0191072,105.824898,,4,None,None,174.0871,24.277,0.0,83,0.004767728338285835
308,320236975,21.0161635,105.8249146,,3,None,None,90.9431,105.366,0.0,73,0.008026997100384745
309,318259617,21.0163551,105.8250321,,3,None,None,90.9431,213.956,0.0,78,0.008576791422328906
310,318259616,21.0165492,105.8251477,,4,None,None,174.0871,213.956,0.0,83,0.004767728338285835
311,4988273681,21.0200118,105.8253623,,3,None,None,90.9431,67.848,0.0,80,0.008796709151106571
312,320237777,21.0183198,105.8263958,,4,None,None,174.0871,423.637,0.0,102,0.005859136030182593
313,5707161122,21.0191655,105.8268661,,3,None,None,90.9431,438.248,0.0,95,0.010446092116939053
314,5707161170,21.0181761,105.8246193,,3,None,None,90.9431,33.709,0.0,83,0.009126585744273066
315,6685236291,21.0199082,105.827027,,3,None,None,90.9431,411.032,0.0,86,0.009456462337439563
316,6685236292,21.0200622,105.8271151,,3,None,None,90.9431,436.437,0.0,85,0.009346503473050731
317,7837394427,21.0187625,105.8245384,,3,None,None,90.9431,24.277,0.0,77,0.008466832557940075
318,8034817845,21.0190342,105.8238781,,4,None,None,174.0871,48.594,0.0,74,0.004250745747387371
319,8034817846,21.0185706,105.8236582,,3,None,None,90.9431,48.594,0.0,74,0.008136955964773578
320,2174649887,21.0203672,105.8255429,,3,None,None,90.9431,67.848,0.0,75,0.00824691482916241
321,4961341864,21.0206049,105.8256706,,4,None,None,174.0871,67.848,0.0,69,0.0039635331968882245
322,4961341865,21.0206785,105.825509,,3,None,None,90.9431,67.848,0.0,68,0.007477202778440586
323,4961341859,21.0208473,105.8258022,,4,None,None,174.0871,71.405,0.0,67,0.003848648176688566
324,4961341860,21.0209128,105.8256348,,3,None,None,90.9431,71.405,0.0,65,0.007147326185274089
325,6661055814,21.0209797,105.8262805,,3,None,None,90.9431,71.627,0.0,78,0.008576791422328906
326,6661055813,21.0210523,105.8261838,,3,None,None,90.9431,71.627,0.0,75,0.00824691482916241
327,6661055809,21.0210874,105.8259488,,4,None,None,174.0871,71.627,0.0,67,0.003848648176688566
328,2050902820,21.0211503,105.8259781,,4,None,None,174.0871,71.627,0.0,67,0.003848648176688566
329,6661055810,21.021186,105.8257857,,4,None,None,174.0871,71.405,0.0,62,0.0035614356261894193
330,98031401,21.0212268,105.8258037,,4,None,None,174.0871,71.405,0.0,62,0.0035614356261894193
331,6661055815,21.0213209,105.8255579,,3,None,None,90.9431,71.405,0.0,63,0.006927408456496424
332,6662639319,21.0213742,105.8260818,,3,None,None,90.9431,71.627,0.0,65,0.007147326185274089
333,2050902830,21.0220651,105.8263876,,3,None,None,90.9431,154.302,0.0,60,0.006597531863329928
334,445970096,21.022117,105.826251,,3,None,None,90.9431,154.302,0.0,56,0.0061576964057746
335,2291046229,21.0187853,105.8231097,,3,None,None,90.9431,28.742,0.0,73,0.008026997100384745
336,1692799423,21.0190995,105.8210503,,3,None,None,90.9431,26.112,0.0,43,0.0047282311687197815
337,2049328002,21.0200294,105.8229064,,3,None,None,90.9431,404.71,0.0,64,0.007037367320885257
338,1692799412,21.0200784,105.8214966,,3,None,None,90.9431,387.532,0.0,51,0.005607902083830439
339,1692799416,21.0215582,105.8222221,,2,None,None,69.2715,412.007,0.0,48,0.006929256620688161
340,445970083,21.0227251,105.8222771,,3,None,None,90.9431,142.598,0.0,45,0.0049481488974974465
341,1692799415,21.0227691,105.8219413,,2,None,None,69.2715,142.598,0.0,42,0.006063099543102141
342,2053920035,21.0230272,105.8224141,,1,None,None,61.0718,142.598,0.0,44,0.007204634544912709
343,1692799418,21.0230519,105.8212979,,3,None,None,90.9431,431.57,0.0,20,0.002199177287776643
344,2291046237,21.0199662,105.8234044,,3,None,None,90.9431,107.042,0.0,65,0.007147326185274089
345,5706871732,21.0195542,105.8212549,,3,None,None,90.9431,302.634,0.0,48,0.005278025490663942
346,5706871736,21.0186339,105.8225503,,3,None,None,90.9431,28.742,0.0,72,0.007917038235995913
347,6661241395,21.0193572,105.8228579,,3,None,None,90.9431,80.495,0.0,65,0.007147326185274089
348,7837394440,21.0189327,105.8226711,,4,None,None,174.0871,28.742,0.0,69,0.0039635331968882245
349,4988273687,21.018124,105.8283758,,4,None,None,174.0871,340.468,0.0,90,0.0051698259089846405
350,1497544721,21.0184174,105.828623,,3,None,None,90.9431,103.487,0.0,82,0.009016626879884235
351,1904353550,21.0178042,105.8294371,,4,None,None,174.0871,25.014,0.0,60,0.00344655060598976
352,1497544719,21.0182565,105.8294809,,4,None,None,174.0871,25.014,0.0,63,0.0036188781362892484
353,4961341856,21.0184915,105.8296676,,4,None,None,174.0871,7.021,0.0,62,0.0035614356261894193
354,1497544738,21.0189958,105.8300399,,4,None,None,174.0871,65.19,0.0,54,0.0031018955453907845
355,5707161154,21.0188568,105.8292097,,4,None,None,174.0871,7.021,0.0,70,0.004020975706988054
356,5707161159,21.0192337,105.8295311,,3,None,None,90.9431,429.202,0.0,65,0.007147326185274089
357,5707161162,21.0185201,105.8292353,,3,None,None,90.9431,7.021,0.0,73,0.008026997100384745
358,5707161163,21.0188688,105.8298836,,5,None,None,174.0871,7.021,0.0,59,0.003389108095889931
359,8231491408,21.0190792,105.8285186,,3,None,None,90.9431,103.487,0.0,78,0.008576791422328906
360,8231491411,21.0192347,105.8286216,,3,None,None,90.9431,410.277,0.0,75,0.00824691482916241
361,2050902833,21.0230936,105.8267657,,3,None,None,90.9431,437.589,0.0,43,0.0047282311687197815
362,2050902832,21.0231269,105.8266383,,3,None,None,90.9431,123.369,0.0,45,0.0049481488974974465
363,2050902827,21.024139,105.8270572,,3,None,None,90.9431,419.111,0.0,38,0.004178436846775622
364,445970127,21.0241688,105.8269312,,3,None,None,90.9431,430.417,0.0,39,0.004288395711164453
365,2050902836,21.0251872,105.827367,,3,None,None,90.9431,171.387,0.0,36,0.003958519117997957
366,2050902835,21.0252373,105.8272089,,3,None,None,90.9431,171.387,0.0,35,0.0038485602536091246
367,5489009622,21.0261865,105.8276471,,3,None,None,90.9431,50.632,0.0,28,0.0030788482028873
368,309653659,21.0262322,105.827496,,4,None,None,174.0871,230.613,0.0,28,0.0016083902827952216
369,5489009621,21.0263735,105.8277197,,4,None,None,174.0871,50.632,0.0,29,0.0016658327928950507
370,5875623873,21.0266314,105.8276362,,3,None,None,90.9431,50.632,0.0,28,0.0030788482028873
371,5489008212,21.0267721,105.8278356,,3,None,None,90.9431,159.257,0.0,30,0.003298765931664964
372,5485653490,21.0268084,105.8276909,,3,None,None,90.9431,159.257,0.0,29,0.003188807067276132
373,6677147301,21.0264161,105.8275674,,3,None,None,90.9431,50.632,0.0,28,0.0030788482028873
374,6677147310,21.0265949,105.8278032,,3,None,None,90.9431,50.632,0.0,29,0.003188807067276132
375,8823455179,21.0212961,105.8256587,,3,None,None,90.9431,71.405,0.0,63,0.006927408456496424
376,8823455180,21.0213994,105.8258879,,3,None,None,90.9431,71.627,0.0,59,0.006487572998941096
377,2291014994,21.014678,105.8239332,,3,None,None,90.9431,204.398,0.0,64,0.007037367320885257
378,5707679615,21.0143762,105.8243082,,3,None,None,90.9431,121.887,0.0,65,0.007147326185274089
379,2291014993,21.0148653,105.8246077,,4,None,None,174.0871,121.887,0.0,68,0.0039060906867883953
380,318259517,21.0150856,105.8241854,,4,None,None,174.0871,141.372,0.0,66,0.0037912056665887366
381,318259625,21.0159715,105.8244025,,1,None,None,61.0718,105.366,0.0,67,0.010970693511571625
382,318259614,21.0155657,105.8245191,,4,None,None,174.0871,141.372,0.0,66,0.0037912056665887366
383,106109203,21.0153629,105.824904,,3,None,None,90.9431,141.372,0.0,68,0.007477202778440586
384,2291014992,21.0151996,105.8252025,,1,None,None,61.0718,408.743,0.0,67,0.010970693511571625
385,98024382,21.0096135,105.8380906,,3,None,None,74.986,29.087,0.0,55,0.007334702477795855
386,442572693,21.0097637,105.8381811,,3,None,None,74.986,29.087,0.0,53,0.007067986024057824
387,1497964601,21.0102091,105.8378157,,3,None,None,74.986,96.772,0.0,55,0.007334702477795855
388,6668082607,21.0104747,105.8376269,,3,None,None,74.986,96.772,0.0,54,0.007201344250926839
389,98024920,21.0107386,105.8367231,,3,None,None,74.986,46.111,0.0,59,0.007868135385271917
390,5709906182,21.0107817,105.8372067,,3,None,None,74.986,46.111,0.0,54,0.007201344250926839
391,6685052836,21.0108009,105.8368691,,3,None,None,74.986,46.111,0.0,56,0.007468060704664871
392,6685052834,21.0108849,105.8367867,,3,None,None,74.986,26.919,0.0,58,0.007734777158402901
393,428673758,21.0109782,105.8370646,,4,None,None,138.863,26.919,0.0,54,0.00388872485831359
394,6685052835,21.011103,105.8369661,,4,None,None,138.863,26.919,0.0,55,0.0039607382816156935
395,1497970370,21.0112582,105.8370685,,4,None,None,138.863,26.919,0.0,53,0.0038167114350114864
396,1497970367,21.0113025,105.8367718,,3,None,None,74.986,26.919,0.0,55,0.007334702477795855
397,1497970369,21.0115174,105.8368332,,3,None,None,74.986,26.919,0.0,55,0.007334702477795855
398,318258352,21.0115377,105.8372493,,3,None,None,74.986,26.919,0.0,51,0.006801269570319793
399,322505711,21.0115962,105.8373115,,4,None,None,138.863,26.919,0.0,51,0.0036726845884072793
400,2276603945,21.0118796,105.8369838,,1,None,None,51.017,451.029,0.0,53,0.010388693964756847
401,2276603928,21.0119062,105.8362072,,3,None,None,74.986,170.913,0.0,53,0.007067986024057824
402,1497969562,21.0120401,105.8363468,,3,None,None,74.986,170.913,0.0,53,0.007067986024057824
403,9576932184,21.0134192,105.8383982,,1,None,None,51.017,215.552,0.0,38,0.0074484975596369836
404,283136366,21.0135226,105.8338457,,1,None,None,51.017,222.668,0.0,45,0.008820589215359586
405,12669487962,21.011114,105.8371689,,3,None,None,74.986,26.919,0.0,55,0.007334702477795855
406,12783034921,21.009784,105.8379433,,3,None,None,74.986,29.087,0.0,56,0.007468060704664871
407,1755146806,21.0078352,105.8412933,,4,None,None,138.863,15.816,0.0,26,0.0018723490058546914
408,1755146859,21.0083362,105.8412842,,3,None,None,74.986,148.585,0.0,25,0.0033339556717253884
409,1495022762,21.0087937,105.8413355,,3,None,None,74.986,148.585,0.0,25,0.0033339556717253884
410,283136849,21.010746,105.8413476,,3,None,None,74.986,102.077,0.0,41,0.005467687301629637
411,283136105,21.0123792,105.8391601,,3,None,None,74.986,432.492,0.0,36,0.004800896167284559
412,5709906189,21.0107455,105.8410532,,3,None,None,74.986,102.077,0.0,42,0.005601045528498653
413,5716457465,21.0079677,105.8406465,,3,None,None,74.986,51.385,0.0,28,0.0037340303523324355
414,5716457477,21.0079405,105.8407498,,3,None,None,74.986,51.385,0.0,28,0.0037340303523324355
415,6684804426,21.0089445,105.8386416,,3,None,None,74.986,63.55,0.0,52,0.0069346277971888085
416,8277274681,21.0130658,105.839323,,3,None,None,74.986,44.456,0.0,33,0.0044008214866775135
417,6685301283,21.0140257,105.8341953,,3,None,None,74.986,314.118,0.0,35,0.004667537940415543
418,1707850226,21.014199,105.834042,,4,None,None,138.863,101.491,0.0,32,0.0023044295456673123
419,2291064326,21.0143481,105.8341558,,4,None,None,138.863,101.491,0.0,31,0.0022324161223652088
420,11278791052,21.0140474,105.8338904,,3,None,None,74.986,222.668,0.0,36,0.004800896167284559
421,1884805093,20.9978347,105.8404852,,3,None,None,84.6375,60.967,0.0,27,0.0031900753212228622
422,1884807237,21.0008729,105.84123,,3,None,None,84.6375,53.758,0.0,31,0.003662679072515138
423,5285531239,20.9988484,105.8377772,,3,None,None,84.6375,208.902,0.0,34,0.004017131885984345
424,4599745013,20.9991174,105.8364845,,3,None,None,84.6375,28.448,0.0,26,0.0030719243833997934
425,4608169674,20.999195,105.8360086,,3,None,None,84.6375,231.037,0.0,21,0.002481169694284448
426,1495022984,21.0012407,105.834804,,4,None,None,159.142833,249.196,0.0,20,0.0012567326861650126
427,104783040,21.0015565,105.8360583,,3,None,None,84.6375,334.686,0.0,21,0.002481169694284448
428,104782500,21.0034138,105.8360473,traffic_signals,4,None,None,159.142833,383.304,0.0,24,0.001508079223398015
429,1497969866,21.0036744,105.8370455,,3,None,None,84.6375,362.819,0.0,21,0.002481169694284448
430,2294884824,21.0037912,105.8375076,,3,None,None,84.6375,347.499,0.0,22,0.0025993206321075174
431,5686449795,21.000258,105.8376052,,3,None,None,84.6375,359.439,0.0,36,0.004253433761630483
432,5686449796,21.0002775,105.8366105,,3,None,None,84.6375,99.807,0.0,25,0.002953773445576724
433,5686449798,21.0005091,105.8365934,,3,None,None,84.6375,99.807,0.0,25,0.002953773445576724
434,5686449799,21.0006823,105.8365999,,1,None,None,57.243333,99.807,0.0,24,0.00419262798691334
435,7144483007,20.9988543,105.8374806,,3,None,None,84.6375,114.367,0.0,32,0.003780830010338207
436,11993550617,20.998656,105.8374311,,3,None,None,84.6375,114.367,0.0,32,0.003780830010338207
437,7144483000,20.9982301,105.8400858,,4,None,None,159.142833,60.967,0.0,30,0.0018850990292475188
438,7199335714,20.9981316,105.8404683,,3,None,None,84.6375,60.967,0.0,29,0.003426377196869
439,5689263058,20.9976784,105.8411312,,4,None,None,159.142833,17.37,0.0,24,0.001508079223398015
440,5689263057,20.9979543,105.8411369,,4,None,None,159.142833,17.37,0.0,24,0.001508079223398015
441,6688326497,20.998282,105.8411437,,3,None,None,84.6375,17.37,0.0,25,0.002953773445576724
442,7199335713,20.99853,105.8411489,,3,None,None,84.6375,45.939,0.0,25,0.002953773445576724
443,5689263071,20.9991422,105.8411762,,3,None,None,84.6375,45.939,0.0,28,0.0033082262590459315
444,8194657994,20.9983731,105.8414363,,3,None,None,84.6375,45.939,0.0,24,0.002835622507753655
445,6688326491,20.9982681,105.8414352,,3,None,None,84.6375,17.37,0.0,24,0.002835622507753655
446,5689263056,20.9976032,105.8414266,,4,None,None,159.142833,17.37,0.0,24,0.001508079223398015
447,8432307741,20.9978798,105.8414328,,4,None,None,159.142833,17.37,0.0,24,0.001508079223398015
448,12985622979,20.9977437,105.8408574,,3,None,None,84.6375,17.37,0.0,25,0.002953773445576724
449,12985622980,20.998028,105.8408719,,3,None,None,84.6375,17.37,0.0,25,0.002953773445576724
450,5716457475,21.0080979,105.8376484,,1,None,None,57.243333,233.667,0.0,59,0.010306877134495296
451,5716457476,21.0086548,105.838343,,4,None,None,159.142833,63.55,0.0,52,0.003267504984029033
452,5662903998,21.0063215,105.8413094,,3,None,None,84.6375,91.606,0.0,23,0.002717471569930586
453,1495022752,21.007045,105.8413254,,3,None,None,84.6375,52.403,0.0,25,0.002953773445576724
454,1755146759,21.0075596,105.8413008,,4,None,None,159.142833,15.816,0.0,25,0.0015709158577062658
455,1495022756,21.0076693,105.8407052,,3,None,None,84.6375,51.385,0.0,27,0.0031900753212228622
456,1497961283,21.0078235,105.8402267,,3,None,None,84.6375,51.385,0.0,36,0.004253433761630483
457,9439560319,21.0067038,105.8387773,,1,None,None,57.243333,203.53,0.0,40,0.006987713311522235
458,11083505897,21.0060986,105.8397447,,1,None,None,57.243333,372.485,0.0,30,0.005240784983641676
459,1497969787,21.0030394,105.8412283,,3,None,None,84.6375,70.198,0.0,14,0.0016541131295229657
460,436170722,21.0041897,105.8412431,,4,None,None,159.142833,173.076,0.0,19,0.001193896051856762
461,5684250224,21.0042016,105.8392963,,3,None,None,84.6375,323.466,0.0,24,0.002835622507753655
462,4551916019,21.0042129,105.840113,,3,None,None,84.6375,265.968,0.0,19,0.0022448678186383106
463,6666357218,20.9997724,105.8414516,,3,None,None,84.6375,56.887,0.0,26,0.0030719243833997934
464,4707733245,21.0024163,105.8332182,,3,None,None,84.6375,218.168,0.0,32,0.003780830010338207
465,8194657995,20.9977746,105.8418739,,3,None,None,84.6375,160.008,0.0,23,0.002717471569930586
466,8194657997,20.997404,105.8422114,,3,None,None,84.6375,327.472,0.0,21,0.002481169694284448
467,5689302946,20.9976456,105.842407,,3,None,None,84.6375,160.008,0.0,21,0.002481169694284448
468,8432307748,20.9973099,105.8425802,,4,None,None,159.142833,198.771,0.0,20,0.0012567326861650126
469,1753897155,21.01633,105.8266047,,3,None,None,39.251375,163.783,0.0,89,0.022674364910783378
470,320236991,21.0170785,105.8270342,,3,None,None,39.251375,387.056,0.0,103,0.026241118941693124
471,1495020912,21.0092908,105.8244986,,4,None,None,66.380375,25.454,0.0,46,0.006929758983735781
472,6405794494,21.0096805,105.824699,,3,None,None,39.251375,25.454,0.0,49,0.012483639108184107
473,1314209691,21.0091472,105.8248463,,3,None,None,39.251375,4.46,0.0,44,0.0112097983828592
474,5710091927,21.0144222,105.8253872,,1,None,None,27.404125,412.144,0.0,64,0.023354148326210016
475,5954441639,21.0112777,105.8254518,,3,None,None,39.251375,125.809,0.0,64,0.016305161284158834
476,5954441640,21.0112402,105.825529,,3,None,None,39.251375,125.809,0.0,64,0.016305161284158834
477,6659134172,21.0104207,105.8250477,,3,None,None,39.251375,109.946,0.0,54,0.013757479833509017
478,6688503842,21.0095161,105.8246137,,3,None,None,39.251375,25.454,0.0,47,0.011974102818054142
479,318259522,21.014417,105.8236237,,3,None,None,39.251375,204.398,0.0,62,0.01579562499402887
480,5707655797,21.0141081,105.8232433,,3,None,None,39.251375,199.585,0.0,58,0.014776552413768943
481,320236984,21.015934,105.8263639,,3,None,None,39.251375,163.783,0.0,84,0.02140052418545847
482,1314209723,21.0134918,105.8268687,,3,None,None,39.251375,97.741,0.0,62,0.01579562499402887
483,5485651217,21.0134586,105.8269306,,4,None,None,66.380375,97.741,0.0,60,0.009038816065742321
484,5707679597,21.0133393,105.827148,,3,None,None,39.251375,97.741,0.0,59,0.015031320558833924
485,6405794495,21.0142179,105.8273924,,3,None,None,39.251375,324.544,0.0,66,0.016814697574288797
486,1497544669,21.0150609,105.8278134,,4,None,None,66.380375,154.169,0.0,79,0.011901107819894058
487,318258663,21.0150273,105.8278801,,4,None,None,66.380375,154.169,0.0,77,0.01159981395103598
488,5707716106,21.0144022,105.8283055,,1,None,None,27.404125,409.221,0.0,71,0.025908508299389232
489,2291065547,21.0143497,105.8284058,,3,None,None,39.251375,148.685,0.0,71,0.018088538299613707
490,2291065548,21.0146561,105.8285669,,3,None,None,39.251375,148.685,0.0,74,0.018852842734808653
491,5707717530,21.0141381,105.8287986,,3,None,None,39.251375,197.539,0.0,66,0.016814697574288797
492,5707717532,21.0144432,105.8289942,,3,None,None,39.251375,148.685,0.0,64,0.016305161284158834
493,1495023340,21.0070673,105.8295224,,3,None,None,39.251375,67.92,0.0,44,0.0112097983828592
494,2291055778,21.0077298,105.8280274,traffic_signals,3,None,None,39.251375,45.222,0.0,63,0.01605039313909385
495,11201648616,21.0138554,105.8271703,,3,None,None,39.251375,97.741,0.0,63,0.01605039313909385
496,8823759132,21.0135822,105.8288915,,1,None,None,27.404125,197.539,0.0,54,0.0197050626502397
497,10130533935,21.006939,105.8296986,,3,None,None,39.251375,67.92,0.0,44,0.0112097983828592
498,1314209713,21.0259561,105.8333085,,4,None,None,171.09425,213.213,0.0,41,0.002396340028960646
499,1652403205,21.0280593,105.8334156,,4,None,None,171.09425,92.242,0.0,37,0.0021625507578425344
500,317968694,21.0262479,105.8335221,,3,None,None,89.758875,109.688,0.0,40,0.0044563838394810545
501,1314209697,21.0277474,105.8341305,,4,None,None,171.09425,92.242,0.0,40,0.002337892711181118
502,2592290239,21.0259305,105.8333798,,3,None,None,89.758875,109.688,0.0,40,0.0044563838394810545
503,5703585010,21.0268477,105.8338027,,3,None,None,89.758875,442.696,0.0,41,0.00456779343546808
504,5703585013,21.0259824,105.8342146,,3,None,None,89.758875,430.258,0.0,40,0.0044563838394810545
505,12215533506,21.0266555,105.8336277,,3,None,None,89.758875,109.688,0.0,40,0.0044563838394810545
506,12215533507,21.0266253,105.8336972,,3,None,None,89.758875,109.688,0.0,40,0.0044563838394810545
507,317968700,21.0262411,105.832603,,3,None,None,89.758875,213.213,0.0,39,0.004344974243494028
508,317968749,21.0265264,105.8318917,,3,None,None,89.758875,386.395,0.0,45,0.0050134318194161856
509,317968698,21.0270872,105.8304924,,1,None,None,60.379125,430.488,0.0,49,0.00811538756151236
510,1652403204,21.0283721,105.8326331,,4,None,None,171.09425,178.308,0.0,36,0.0021041034400630064
511,81804025,21.0277521,105.8342281,,5,None,None,171.09425,100.061,0.0,41,0.002396340028960646
512,5707407590,21.0086391,105.8144074,,3,None,None,88.131333,23.466,0.0,32,0.0036309447401640916
513,5707407591,21.0087249,105.8144908,,4,None,None,165.313,23.466,0.0,32,0.0019357219335442465
514,6405730789,21.0096905,105.8154172,,3,None,None,88.131333,206.69,0.0,39,0.004425213902074987
515,6662241086,21.0105436,105.8159375,,3,None,None,88.131333,223.511,0.0,43,0.0048790819945954975
516,6662241087,21.0104471,105.8160708,,3,None,None,88.131333,223.511,0.0,41,0.004652147948335242
517,6670444529,21.0061894,105.816321,,3,None,None,88.131333,76.139,0.0,25,0.0028366755782531965
518,6670444530,21.0062468,105.8164237,,3,None,None,88.131333,76.139,0.0,26,0.0029501426013833244
519,6685434573,21.0098977,105.8156305,,3,None,None,88.131333,206.69,0.0,38,0.004311746878944859
520,6685434580,21.0084703,105.8152697,,4,None,None,165.313,441.882,0.0,25,0.0015122827605814427
521,1905162489,21.0081672,105.8149733,,3,None,None,88.131333,80.998,0.0,25,0.0028366755782531965
522,1494035975,21.0139064,105.8149299,,3,None,None,88.131333,259.365,0.0,62,0.007034955434067927
523,420456683,21.005215,105.8169541,,4,None,None,165.313,147.441,0.0,28,0.001693756691851216
524,2452431996,21.0119342,105.8172506,,4,None,None,165.313,57.82,0.0,49,0.0029640742107396273
525,1494041366,21.0044283,105.818031,,3,None,None,88.131333,121.129,0.0,30,0.0034040106939038353
526,1904449336,21.0100776,105.8187493,,3,None,None,88.131333,468.3,0.0,32,0.0036309447401640916
527,1495023371,21.008217,105.8203154,,3,None,None,88.131333,410.201,0.0,44,0.004992549017725625
528,12513272957,21.0078249,105.8152738,,3,None,None,88.131333,104.173,0.0,23,0.0026097415319929406
529,10100966682,21.0077986,105.8153637,crossing,2,None,None,67.449333,104.173,0.0,24,0.0035582264393926623
530,12513272960,21.0076719,105.8153995,,3,None,None,88.131333,104.173,0.0,23,0.0026097415319929406
531,5707161153,21.0189405,105.8301839,,5,None,None,193.89,65.19,0.0,47,0.0024240548764763526
532,5707161151,21.0191753,105.830871,,3,None,None,100.036,441.917,0.0,45,0.004498380582990124
533,442982542,21.0193064,105.8338068,,3,None,None,100.036,448.35,0.0,40,0.0039985605182134435
534,81806535,21.01906,105.8305102,,3,None,None,100.036,65.19,0.0,43,0.0042984525570794515
535,1758633098,21.0080473,105.8238278,,3,None,None,82.267333,61.008,0.0,44,0.005348416971290415
536,1758633108,21.0082462,105.8238515,,3,None,None,82.267333,61.008,0.0,43,0.005226862040124724
537,5710297033,21.0085522,105.8239207,,3,None,None,82.267333,91.075,0.0,45,0.005469971902456107
538,1884768305,21.0094475,105.8239568,,3,None,None,82.267333,39.175,0.0,48,0.00583463669595318
539,1884769979,21.0095664,105.8239771,,3,None,None,82.267333,39.175,0.0,48,0.00583463669595318
540,1314209717,21.0089148,105.824108,,3,None,None,82.267333,91.075,0.0,47,0.005713081764787489
541,1314209699,21.0092517,105.8242748,,4,None,None,154.525833,25.454,0.0,44,0.0028474203403905936
542,1758631175,21.0093907,105.8243473,,4,None,None,154.525833,25.454,0.0,46,0.002976848537681075
543,1884765806,21.0091334,105.8244253,,4,None,None,154.525833,4.46,0.0,46,0.002976848537681075
544,1884769977,21.0097478,105.8245423,,3,None,None,82.267333,25.454,0.0,48,0.00583463669595318
545,1884765798,21.008971,105.8247865,,3,None,None,82.267333,4.46,0.0,44,0.005348416971290415
546,1758633112,21.0102866,105.8249263,,3,None,None,82.267333,158.566,0.0,50,0.006077746558284563
547,1314209721,21.0106684,105.8250728,,3,None,None,82.267333,109.946,0.0,55,0.00668552121411302
548,6659134171,21.0104696,105.8249685,,3,None,None,82.267333,158.566,0.0,55,0.00668552121411302
549,6659134174,21.0080557,105.8236974,,3,None,None,82.267333,61.008,0.0,44,0.005348416971290415
550,6688503847,21.0096285,105.8244721,,3,None,None,82.267333,25.454,0.0,49,0.005956191627118871
551,318259528,21.0135345,105.8225238,,4,None,None,154.525833,199.585,0.0,59,0.0038181318200692046
552,446030797,21.0137777,105.8188893,,4,None,None,154.525833,70.285,0.0,36,0.002329707551228667
553,2174649960,21.0152392,105.8202578,,4,None,None,154.525833,124.385,0.0,50,0.003235704932262038
554,1497527957,21.015375,105.8200999,,4,None,None,154.525833,124.385,0.0,50,0.003235704932262038
555,5828713073,21.0140586,105.8188692,,3,None,None,82.267333,70.285,0.0,39,0.004740642315461959
556,5828713074,21.0148042,105.8178555,,3,None,None,82.267333,206.05,0.0,41,0.004983752177793341
557,5828713075,21.0157019,105.8166066,,3,None,None,82.267333,180.859,0.0,48,0.00583463669595318
558,6689225964,21.0145944,105.8210635,,3,None,None,82.267333,447.884,0.0,50,0.006077746558284563
559,2291014178,21.0124305,105.8176724,,3,None,None,82.267333,446.843,0.0,39,0.004740642315461959
560,1904449332,21.0105284,105.8193044,,3,None,None,82.267333,234.45,0.0,29,0.003525093003805046
561,1904449333,21.0104184,105.8194013,,3,None,None,82.267333,234.45,0.0,28,0.0034035380726393557
562,1495020922,21.0131287,105.8197568,,3,None,None,82.267333,438.423,0.0,34,0.004132867659633503
563,106111364,21.0124282,105.8206704,,3,None,None,82.267333,461.823,0.0,36,0.004375977521964885
564,1314209710,21.0119663,105.82105,,3,None,None,82.267333,229.133,0.0,52,0.006320856420615945
565,106111365,21.0120825,105.8211088,,3,None,None,82.267333,229.133,0.0,53,0.006442411351781637
566,6644672135,21.0115675,105.8214795,,3,None,None,82.267333,465.966,0.0,54,0.006563966282947328
567,1494035427,21.0067615,105.8231971,,3,None,None,82.267333,247.555,0.0,45,0.005469971902456107
568,6644672133,21.0098098,105.8233913,,3,None,None,82.267333,39.175,0.0,46,0.005591526833621798
569,6662241094,21.0130422,105.8182137,,3,None,None,82.267333,192.814,0.0,37,0.004497532453130577
570,6658429241,21.0069778,105.8294801,,3,None,None,82.267333,67.92,0.0,43,0.005226862040124724
571,1884765797,21.0073278,105.8287027,,3,None,None,82.267333,255.571,0.0,48,0.00583463669595318
572,1884767494,21.0076605,105.8279926,traffic_signals,3,None,None,82.267333,45.222,0.0,64,0.007779515594604241
573,81805393,21.0088234,105.82426,,3,None,None,82.267333,4.46,0.0,48,0.00583463669595318
574,11950483417,21.0090127,105.8241564,,3,None,None,82.267333,91.075,0.0,45,0.005469971902456107
575,11950483412,21.0089408,105.8243268,,3,None,None,82.267333,4.46,0.0,47,0.005713081764787489
576,5707263059,21.0180745,105.8368257,,3,None,None,74.986,439.353,0.0,21,0.0028005227642493263
577,10123194086,21.0184299,105.8369234,,1,None,None,51.017,223.198,0.0,21,0.004116274967167806
578,5709906176,21.0140529,105.8391,,3,None,None,74.986,215.552,0.0,31,0.004134105032939482
579,5709906194,21.0143317,105.8403519,,3,None,None,74.986,414.823,0.0,19,0.0025338063105112955
580,5709906196,21.0140577,105.8396693,,3,None,None,74.986,237.406,0.0,29,0.0038673885792014505
581,8277274679,21.0147909,105.8391199,,1,None,None,51.017,421.191,0.0,28,0.005488366622890409
582,2291049679,21.0098276,105.8303068,,3,None,None,74.986,229.6,0.0,56,0.007468060704664871
583,104839740,21.0110954,105.8307755,,3,None,None,74.986,59.753,0.0,61,0.008134851839009949
584,1904398545,21.0103229,105.8310199,,3,None,None,74.986,274.571,0.0,60,0.008001493612140932
585,104839741,21.0113157,105.831076,,3,None,None,74.986,71.63,0.0,57,0.007601418931533885
586,1904398563,21.0095462,105.8313437,,3,None,None,74.986,347.59,0.0,61,0.008134851839009949
587,319490598,21.008788,105.8316582,,3,None,None,74.986,278.674,0.0,62,0.008268210065878964
588,283137982,21.011869,105.8317114,,3,None,None,74.986,27.447,0.0,52,0.0069346277971888085
589,5710482881,21.0083554,105.8319822,,3,None,None,74.986,290.318,0.0,57,0.007601418931533885
590,283137352,21.0105372,105.8329664,,3,None,None,74.986,177.52,0.0,67,0.008935001200224042
591,319490620,21.0096613,105.8331474,,3,None,None,74.986,66.542,0.0,79,0.010535299922652229
592,5710482879,21.0079399,105.833274,,3,None,None,74.986,93.01,0.0,56,0.007468060704664871
593,7835264875,21.0125632,105.8326283,,3,None,None,74.986,425.032,0.0,58,0.007734777158402901
594,8000825510,21.0094711,105.83333,,4,None,None,138.863,66.542,0.0,75,0.005401006747657764
595,10130399629,21.0109727,105.8307524,,3,None,None,74.986,59.753,0.0,62,0.008268210065878964
596,12228968673,21.0107692,105.8308268,,3,None,None,74.986,103.292,0.0,61,0.008134851839009949
597,1904395858,21.0041204,105.8303312,,4,None,None,138.863,95.399,0.0,32,0.0023044295456673123
598,5674347102,21.0060273,105.8310576,,3,None,None,74.986,10.092,0.0,41,0.005467687301629637
599,5683792674,21.0061057,105.8313438,,3,None,None,74.986,10.092,0.0,42,0.005601045528498653
600,1758629824,21.0061473,105.8311916,,4,None,None,138.863,10.092,0.0,42,0.0030245637786883474
601,1884765802,21.0061784,105.8311035,,4,None,None,138.863,10.092,0.0,41,0.002952550355386244
602,5683792676,21.0062201,105.8312827,,4,None,None,138.863,10.092,0.0,42,0.0030245637786883474
603,1314209698,21.0063287,105.8311553,,4,None,None,138.863,10.092,0.0,44,0.0031685906252925545
604,98026475,21.0064882,105.8316381,,3,None,None,74.986,10.092,0.0,45,0.006001120209105699
605,6677338241,21.0065963,105.8315376,,3,None,None,74.986,10.092,0.0,47,0.00626783666284373
606,5485640496,21.0070219,105.8320781,,3,None,None,74.986,62.49,0.0,50,0.006667911343450777
607,5485640503,21.007164,105.8322742,,3,None,None,74.986,62.49,0.0,51,0.006801269570319793
608,1497970355,21.0075279,105.8327433,,3,None,None,74.986,93.01,0.0,53,0.007067986024057824
609,11014094287,21.0063522,105.8307843,,3,None,None,74.986,184.701,0.0,42,0.005601045528498653
610,11014094288,21.0064788,105.8308437,,3,None,None,74.986,10.092,0.0,43,0.0057344037553676685
611,12228968670,21.0107496,105.8306831,,3,None,None,74.986,103.292,0.0,62,0.008268210065878964
612,103062630,21.0259862,105.8380997,,3,None,None,70.758,190.33,0.0,36,0.005087763927753753
613,6658453755,21.0262385,105.8375869,,2,None,None,54.536667,190.33,0.0,41,0.007517877834375173
614,283127113,21.0200259,105.8377091,,3,None,None,70.758,150.815,0.0,22,0.0031091890669606268
615,1000087640,21.02013,105.8375214,,3,None,None,70.758,150.815,0.0,22,0.0031091890669606268
616,104777991,21.0211537,105.8350263,,3,None,None,70.758,425.306,0.0,22,0.0031091890669606268
617,5406185435,21.0213059,105.834126,,3,None,None,70.758,9.207,0.0,28,0.003957149721586253
618,317969015,21.0215521,105.8375347,,3,None,None,70.758,401.632,0.0,24,0.0033918426185025018
619,8344806932,21.022215,105.8368905,,3,None,None,70.758,366.491,0.0,21,0.002967862291189689
620,7799727241,21.0232408,105.8376116,,3,None,None,70.758,18.372,0.0,22,0.0031091890669606268
621,317968979,21.0242642,105.8395402,,3,None,None,103.068545,200.457,0.0,19,0.001843433416082472
622,5704011527,21.0250743,105.8398527,,3,None,None,103.068545,199.286,0.0,20,0.0019404562274552338
623,9602244141,21.024602,105.8392509,,1,None,None,68.775727,200.457,0.0,22,0.003198802973031459
624,13108917674,21.0250751,105.8397059,,1,None,None,68.775727,199.286,0.0,21,0.0030534028378936652
625,422619751,21.0264119,105.8398689,,3,None,None,103.068545,382.094,0.0,20,0.0019404562274552338
626,103066330,21.0267578,105.8385407,,3,None,None,103.068545,368.992,0.0,28,0.0027166387184373274
627,2275188545,21.0273746,105.8402245,,3,None,None,103.068545,267.212,0.0,19,0.001843433416082472
628,324286145,21.0274354,105.8375424,,1,None,None,68.775727,400.784,0.0,38,0.0055252051352361565
629,2275188549,21.0277376,105.8389716,,3,None,None,103.068545,100.614,0.0,24,0.0023285474729462805
630,103060023,21.0277838,105.8404146,,3,None,None,103.068545,404.943,0.0,19,0.001843433416082472
631,13193505092,21.0279933,105.8390968,,3,None,None,103.068545,100.614,0.0,22,0.002134501850200757
632,13193505093,21.0280565,105.8388391,,1,None,None,68.775727,100.614,0.0,26,0.0037804035135826333
633,103060021,21.0281474,105.8391643,,3,None,None,103.068545,100.614,0.0,22,0.002134501850200757
634,2290010735,21.028841,105.8390181,,1,None,None,68.775727,419.229,0.0,22,0.003198802973031459
635,103061231,21.0291554,105.8352087,,3,None,None,103.068545,16.76,0.0,40,0.0038809124549104676
636,324286144,21.0279427,105.8361111,,3,None,None,103.068545,305.924,0.0,44,0.004269003700401514
637,103060015,21.0287371,105.8364437,,3,None,None,103.068545,143.47,0.0,39,0.003783889643537706
638,81804024,21.0272036,105.8357768,,3,None,None,103.068545,139.269,0.0,47,0.004560072134519799
